{
  "project_info": {
    "project_number": "731948494740",
    "project_id": "moviemapapp-d5a71",
    "storage_bucket": "moviemapapp-d5a71.appspot.com"
  },
  "client": [
    {
      "client_info": {
        "mobilesdk_app_id": "1:731948494740:android:ef6f265ec8e8eff82c6981",
        "android_client_info": {
          "package_name": "com.example.moviemapapp"
        }
      },
      "oauth_client": [],
      "api_key": [
        {
          "current_key": "AIzaSyDc7EL-ssrwkDQpOEg77qL_kEi1LmYnf7I"
        }
      ],
      "services": {
        "appinvite_service": {
          "other_platform_oauth_client": []
        }
      }
    }
  ],
  "configuration_version": "1"
}